{
    "ax1": {},
    "ax2": {
        "xlim": [
            7.2882387838338865,
            15.09988134964775
        ],
        "ylim": [
            7.785478521111773,
            7.860960704780664
        ]
    }
}