{
    "ax1": {},
    "ax2": {
        "xlim": [
            9.778264738598443,
            20.105294771968858
        ],
        "ylim": [
            4.111514358500558,
            4.201307776418407
        ]
    }
}