{
    "ax1": {},
    "ax2": {
        "xlim": [
            1.9391533802990972,
            20.31685700160672
        ],
        "ylim": [
            1.2249481200549328,
            1.27715716808476
        ]
    }
}