{
    "ax1": {},
    "ax2": {
        "xlim": [
            6.1244166415797725,
            20.166090718081822
        ],
        "ylim": [
            13.739343593183978,
            13.83636824158395
        ]
    }
}