{
    "ax1": {
        "xlim": [
            5.050375676811176,
            14.81223866575
        ],
        "ylim": [
            0.0001413359810561238,
            0.06668832370800946
        ]
    },
    "ax2": {
        "xlim": [
            5.747508342602892,
            15.139425287356323
        ],
        "ylim": [
            2.128645119660397,
            2.184954664358385
        ]
    }
}