{
    "ax1": {
        "xlim": [
            6.185677553583419,
            20.79268581677012
        ],
        "ylim": [
            1.3431915980763814e-09,
            0.511523690402085
        ]
    },
    "ax2": {
        "xlim": [
            5.126315789473685,
            20.71929824561404
        ],
        "ylim": [
            3.0813055061630483,
            3.4072683505565315
        ]
    }
}