{
    "ax1": {
        "xlim": [
            4.222885448766113,
            15.184874739992038
        ],
        "ylim": [
            5.669782868944404e-05,
            0.0295337008718547
        ]
    },
    "ax2": {
        "xlim": [
            3.8406243496357964,
            15.138231009365244
        ],
        "ylim": [
            1.2593390597642216,
            1.2846116071419327
        ]
    }
}