{
    "ax1": {
        "xlim": [
            3.9821869674916486,
            14.833192896456975
        ],
        "ylim": [
            0.0005579332261757387,
            0.3123682102706495
        ]
    },
    "ax2": {
        "xlim": [
            5.817625030219291,
            15.091958966753182
        ],
        "ylim": [
            5.467760347901395,
            5.547810651869476
        ]
    }
}