{
    "ax1": {},
    "ax2": {
        "xlim": [
            3.945839822024471,
            20.223926585094546
        ],
        "ylim": [
            2.471819683001139,
            2.5768274211010023
        ]
    }
}