{
    "ax1": {
        "xlim": [
            2.0295515351175175,
            15.324546019269647
        ],
        "ylim": [
            0.00014112551130307256,
            0.06973341568286964
        ]
    },
    "ax2": {
        "xlim": [
            1.528865764828304,
            15.86
        ],
        "ylim": [
            1.4937378747572232,
            1.5337553462495166
        ]
    }
}